<?xml version="1.0" encoding="utf-8"?>
<Categories xmlns:xsi="http://www.w3.org/2001/XMLSchema-instance"
            copyright="Copyright (c) FIX Protocol Ltd. All Rights Reserved."
            edition="2010"
            version="FIX.5.0SP2"
            xsi:noNamespaceSchemaLocation="../../schema/Categories.xsd"
            generated="2019-01-29T16:28:51.846Z"
            latestEP="247">
   <Category>
      <CategoryID>Session</CategoryID>
      <FIXMLFileName>session</FIXMLFileName>
      <NotReqXML>1</NotReqXML>
      <GenerateImplFile>0</GenerateImplFile>
      <ComponentType>Message</ComponentType>
      <SectionID>Session</SectionID>
      <Volume>2</Volume>
   </Category>
   <Category>
      <CategoryID>Indication</CategoryID>
      <FIXMLFileName>indications</FIXMLFileName>
      <NotReqXML>0</NotReqXML>
      <GenerateImplFile>1</GenerateImplFile>
      <ComponentType>Message</ComponentType>
      <SectionID>PreTrade</SectionID>
      <Volume>3</Volume>
      <IncludeFile>components</IncludeFile>
   </Category>
   <Category>
      <CategoryID>SingleGeneralOrderHandling</CategoryID>
      <FIXMLFileName>order</FIXMLFileName>
      <NotReqXML>0</NotReqXML>
      <GenerateImplFile>1</GenerateImplFile>
      <ComponentType>Message</ComponentType>
      <SectionID>Trade</SectionID>
      <Volume>4</Volume>
      <IncludeFile>components</IncludeFile>
   </Category>
   <Category>
      <CategoryID>EventCommunication</CategoryID>
      <FIXMLFileName>newsevents</FIXMLFileName>
      <NotReqXML>0</NotReqXML>
      <GenerateImplFile>1</GenerateImplFile>
      <ComponentType>Message</ComponentType>
      <SectionID>PreTrade</SectionID>
      <Volume>3</Volume>
      <IncludeFile>components</IncludeFile>
   </Category>
   <Category>
      <CategoryID>ProgramTrading</CategoryID>
      <FIXMLFileName>listorders</FIXMLFileName>
      <NotReqXML>0</NotReqXML>
      <GenerateImplFile>1</GenerateImplFile>
      <ComponentType>Message</ComponentType>
      <SectionID>Trade</SectionID>
      <Volume>4</Volume>
      <IncludeFile>components</IncludeFile>
   </Category>
   <Category>
      <CategoryID>OrderMassHandling</CategoryID>
      <FIXMLFileName>ordermasshandling</FIXMLFileName>
      <NotReqXML>0</NotReqXML>
      <GenerateImplFile>1</GenerateImplFile>
      <ComponentType>Message</ComponentType>
      <SectionID>Trade</SectionID>
      <Volume>4</Volume>
      <IncludeFile>components</IncludeFile>
   </Category>
   <Category>
      <CategoryID>Allocation</CategoryID>
      <FIXMLFileName>allocation</FIXMLFileName>
      <NotReqXML>0</NotReqXML>
      <GenerateImplFile>1</GenerateImplFile>
      <ComponentType>Message</ComponentType>
      <SectionID>PostTrade</SectionID>
      <Volume>5</Volume>
      <IncludeFile>components</IncludeFile>
   </Category>
   <Category>
      <CategoryID>QuotationNegotiation</CategoryID>
      <FIXMLFileName>quotation</FIXMLFileName>
      <NotReqXML>0</NotReqXML>
      <GenerateImplFile>1</GenerateImplFile>
      <ComponentType>Message</ComponentType>
      <SectionID>PreTrade</SectionID>
      <Volume>3</Volume>
      <IncludeFile>components</IncludeFile>
   </Category>
   <Category>
      <CategoryID>SettlementInstruction</CategoryID>
      <FIXMLFileName>settlement</FIXMLFileName>
      <NotReqXML>0</NotReqXML>
      <GenerateImplFile>1</GenerateImplFile>
      <ComponentType>Message</ComponentType>
      <SectionID>PostTrade</SectionID>
      <Volume>5</Volume>
      <IncludeFile>components</IncludeFile>
   </Category>
   <Category>
      <CategoryID>MarketData</CategoryID>
      <FIXMLFileName>marketdata</FIXMLFileName>
      <NotReqXML>0</NotReqXML>
      <GenerateImplFile>1</GenerateImplFile>
      <ComponentType>Message</ComponentType>
      <SectionID>PreTrade</SectionID>
      <Volume>3</Volume>
      <IncludeFile>components</IncludeFile>
   </Category>
   <Category>
      <CategoryID>Common</CategoryID>
      <FIXMLFileName>components</FIXMLFileName>
      <NotReqXML>0</NotReqXML>
      <GenerateImplFile>1</GenerateImplFile>
      <ComponentType>Message</ComponentType>
      <Volume>1</Volume>
      <IncludeFile>fields</IncludeFile>
   </Category>
   <Category>
      <CategoryID>RegistrationInstruction</CategoryID>
      <FIXMLFileName>registration</FIXMLFileName>
      <NotReqXML>0</NotReqXML>
      <GenerateImplFile>1</GenerateImplFile>
      <ComponentType>Message</ComponentType>
      <SectionID>PostTrade</SectionID>
      <Volume>3</Volume>
      <IncludeFile>components</IncludeFile>
   </Category>
   <Category>
      <CategoryID>CrossOrders</CategoryID>
      <FIXMLFileName>crossorders</FIXMLFileName>
      <NotReqXML>0</NotReqXML>
      <GenerateImplFile>1</GenerateImplFile>
      <ComponentType>Message</ComponentType>
      <SectionID>Trade</SectionID>
      <Volume>4</Volume>
      <IncludeFile>components</IncludeFile>
   </Category>
   <Category>
      <CategoryID>MultilegOrders</CategoryID>
      <FIXMLFileName>multilegorders</FIXMLFileName>
      <NotReqXML>0</NotReqXML>
      <GenerateImplFile>1</GenerateImplFile>
      <ComponentType>Message</ComponentType>
      <SectionID>Trade</SectionID>
      <Volume>4</Volume>
      <IncludeFile>components</IncludeFile>
   </Category>
   <Category>
      <CategoryID>TradeCapture</CategoryID>
      <FIXMLFileName>tradecapture</FIXMLFileName>
      <NotReqXML>0</NotReqXML>
      <GenerateImplFile>1</GenerateImplFile>
      <ComponentType>Message</ComponentType>
      <SectionID>PostTrade</SectionID>
      <Volume>5</Volume>
      <IncludeFile>components</IncludeFile>
   </Category>
   <Category>
      <CategoryID>Confirmation</CategoryID>
      <FIXMLFileName>confirmation</FIXMLFileName>
      <NotReqXML>0</NotReqXML>
      <GenerateImplFile>1</GenerateImplFile>
      <ComponentType>Message</ComponentType>
      <SectionID>PostTrade</SectionID>
      <Volume>5</Volume>
      <IncludeFile>components</IncludeFile>
   </Category>
   <Category>
      <CategoryID>PositionMaintenance</CategoryID>
      <FIXMLFileName>positions</FIXMLFileName>
      <NotReqXML>0</NotReqXML>
      <GenerateImplFile>1</GenerateImplFile>
      <ComponentType>Message</ComponentType>
      <SectionID>PostTrade</SectionID>
      <Volume>5</Volume>
      <IncludeFile>components</IncludeFile>
   </Category>
   <Category>
      <CategoryID>CollateralManagement</CategoryID>
      <FIXMLFileName>collateral</FIXMLFileName>
      <NotReqXML>0</NotReqXML>
      <GenerateImplFile>1</GenerateImplFile>
      <ComponentType>Message</ComponentType>
      <SectionID>PostTrade</SectionID>
      <Volume>5</Volume>
      <IncludeFile>components</IncludeFile>
   </Category>
   <Category>
      <CategoryID>Application</CategoryID>
      <FIXMLFileName>application</FIXMLFileName>
      <NotReqXML>0</NotReqXML>
      <GenerateImplFile>1</GenerateImplFile>
      <ComponentType>Message</ComponentType>
      <SectionID>Infrastructure</SectionID>
      <Volume>1</Volume>
      <IncludeFile>components</IncludeFile>
   </Category>
   <Category>
      <CategoryID>BusinessReject</CategoryID>
      <FIXMLFileName>businessreject</FIXMLFileName>
      <NotReqXML>0</NotReqXML>
      <GenerateImplFile>1</GenerateImplFile>
      <ComponentType>Message</ComponentType>
      <SectionID>Infrastructure</SectionID>
      <Volume>1</Volume>
      <IncludeFile>components</IncludeFile>
   </Category>
   <Category>
      <CategoryID>Network</CategoryID>
      <FIXMLFileName>network</FIXMLFileName>
      <NotReqXML>0</NotReqXML>
      <GenerateImplFile>1</GenerateImplFile>
      <ComponentType>Message</ComponentType>
      <SectionID>Infrastructure</SectionID>
      <Volume>1</Volume>
      <IncludeFile>components</IncludeFile>
   </Category>
   <Category>
      <CategoryID>UserManagement</CategoryID>
      <FIXMLFileName>usermanagement</FIXMLFileName>
      <NotReqXML>0</NotReqXML>
      <GenerateImplFile>1</GenerateImplFile>
      <ComponentType>Message</ComponentType>
      <SectionID>Infrastructure</SectionID>
      <Volume>1</Volume>
      <IncludeFile>components</IncludeFile>
   </Category>
   <Category>
      <CategoryID>Fields</CategoryID>
      <FIXMLFileName>fields</FIXMLFileName>
      <NotReqXML>0</NotReqXML>
      <GenerateImplFile>0</GenerateImplFile>
      <ComponentType>Field</ComponentType>
      <Volume>6</Volume>
   </Category>
   <Category>
      <CategoryID>ImplFields</CategoryID>
      <FIXMLFileName>fields</FIXMLFileName>
      <NotReqXML>0</NotReqXML>
      <GenerateImplFile>0</GenerateImplFile>
      <ComponentType>Field</ComponentType>
      <Volume>6</Volume>
   </Category>
   <Category added="FIX.5.0SP1" addedEP="97">
      <CategoryID>MarketStructureReferenceData</CategoryID>
      <FIXMLFileName>marketstructure</FIXMLFileName>
      <NotReqXML>0</NotReqXML>
      <GenerateImplFile>1</GenerateImplFile>
      <ComponentType>Message</ComponentType>
      <SectionID>PreTrade</SectionID>
      <Volume>3</Volume>
      <IncludeFile>components</IncludeFile>
   </Category>
   <Category added="FIX.5.0SP1" addedEP="97">
      <CategoryID>SecuritiesReferenceData</CategoryID>
      <FIXMLFileName>securitiesreference</FIXMLFileName>
      <NotReqXML>0</NotReqXML>
      <GenerateImplFile>1</GenerateImplFile>
      <ComponentType>Message</ComponentType>
      <SectionID>PreTrade</SectionID>
      <Volume>3</Volume>
      <IncludeFile>components</IncludeFile>
   </Category>
   <Category added="FIX.5.0SP2" addedEP="102">
      <CategoryID>MarginRequirementManagement</CategoryID>
      <FIXMLFileName>marginrequirement</FIXMLFileName>
      <NotReqXML>0</NotReqXML>
      <GenerateImplFile>1</GenerateImplFile>
      <ComponentType>Message</ComponentType>
      <SectionID>PostTrade</SectionID>
      <Volume>5</Volume>
      <IncludeFile>components</IncludeFile>
   </Category>
   <Category added="FIX.5.0SP2" addedEP="105">
      <CategoryID>PartiesReferenceData</CategoryID>
      <FIXMLFileName>partiesreference</FIXMLFileName>
      <NotReqXML>0</NotReqXML>
      <GenerateImplFile>1</GenerateImplFile>
      <ComponentType>Message</ComponentType>
      <SectionID>PreTrade</SectionID>
      <Volume>3</Volume>
      <IncludeFile>components</IncludeFile>
   </Category>
   <Category added="FIX.5.0SP2" addedEP="117">
      <CategoryID>AccountReporting</CategoryID>
      <FIXMLFileName>accountreporting</FIXMLFileName>
      <NotReqXML>0</NotReqXML>
      <GenerateImplFile>1</GenerateImplFile>
      <ComponentType>Message</ComponentType>
      <SectionID>PostTrade</SectionID>
      <Volume>5</Volume>
      <IncludeFile>components</IncludeFile>
      <Description>Account Reporting</Description>
   </Category>
   <Category added="FIX.5.0SP2" addedEP="171">
      <CategoryID>PartiesAction</CategoryID>
      <FIXMLFileName>partiesaction</FIXMLFileName>
      <NotReqXML>0</NotReqXML>
      <GenerateImplFile>1</GenerateImplFile>
      <ComponentType>Message</ComponentType>
      <SectionID>PreTrade</SectionID>
      <Volume>3</Volume>
      <IncludeFile>components</IncludeFile>
      <Description>The PartiesAction category of messages is a set of messages that are used to take an action on party information as a result of risk management decisions made during the trading day.</Description>
   </Category>
   <Category added="FIX.5.0SP2" addedEP="247">
      <CategoryID>TradeManagement</CategoryID>
      <FIXMLFileName>trademanagement</FIXMLFileName>
      <NotReqXML>0</NotReqXML>
      <GenerateImplFile>1</GenerateImplFile>
      <ComponentType>Message</ComponentType>
      <SectionID>PostTrade</SectionID>
      <IncludeFile>components</IncludeFile>
   </Category>
</Categories>