<?xml version="1.0" encoding="UTF-8" standalone="no"?>
<?altova_sps ..\..\tools\EP\EP.sps?>
<fixRepository xmlns="http://www.fixprotocol.org/extensionpack" xmlns:xsi="http://www.w3.org/2001/XMLSchema-instance" version="FIX.5.0SP2" xsi:schemaLocation="http://www.fixprotocol.org/extensionpack ..\..\schema\extensionpack.xsd">
	<extensionPack approved="2019-03-24T12:00:00" desc="CAT FDID" id="248" tempIntermediatePath="../EP247/">
		<Enums>
			<Inserts>
				<Enum Tag="447" Value="S">
					<SymbolicName>FDID</SymbolicName>
					<Group>For all PartyRoles</Group>
					<Sort>16</Sort>
					<Description>FDID (Firm designated identifier)</Description>
					<Elaboration>A unique identifier required by the SEC for each trading account designated by Industry Members for purposes of reporting to CAT (Consolidated Audit Trail).</Elaboration>
				</Enum>
			</Inserts>
		</Enums>
	</extensionPack>
</fixRepository>
